datasource,timeframe,ageband,type_of_prevalence,algorithm,numerator,denominator,numerator_01,denominator_01,numerator_02,denominator_02,numerator_03,denominator_03,numerator_04,denominator_04,numerator_05,denominator_05,numerator_06,denominator_06,numerator_07,denominator_07,numerator_08,denominator_08,numerator_09,denominator_09,numerator_10,denominator_10,numerator_11,denominator_11,numerator_12,denominator_12
TEST1,2005,all,average_monthly_prevalence,M1,,,1266,1400278,1264,1400247,1264,1400253,1271,1400250,1273,1400274,1273,1400259,1270,1400259,1272,1400254,1276,1400236,1270,1400256,1270,1400253,1270,1400248
TEST1,2005,all,average_monthly_prevalence,M2,,,1301,1400278,1296,1400247,1298,1400253,1298,1400250,1306,1400274,1304,1400259,1301,1400259,1300,1400254,1311,1400236,1302,1400256,1301,1400253,1299,1400248
TEST1,2005,all,average_monthly_prevalence,M3,,,1285,1400278,1287,1400247,1279,1400253,1288,1400250,1291,1400274,1289,1400259,1289,1400259,1290,1400254,1293,1400236,1288,1400256,1287,1400253,1287,1400248
TEST1,2005,all,average_monthly_prevalence,M4,,,1317,1400278,1319,1400247,1318,1400253,1322,1400250,1331,1400274,1323,1400259,1320,1400259,1320,1400254,1335,1400236,1322,1400256,1324,1400253,1323,1400248
TEST1,2005,all,average_monthly_prevalence,M5,,,1275,1400278,1276,1400247,1279,1400253,1278,1400250,1288,1400274,1286,1400259,1284,1400259,1280,1400254,1287,1400236,1277,1400256,1278,1400253,1279,1400248
TEST1,2005,all,period_prevalence,M1,1257,1399584,,,,,,,,,,,,,,,,,,,,,,,,
TEST1,2005,all,period_prevalence,M2,1286,1399584,,,,,,,,,,,,,,,,,,,,,,,,
TEST1,2005,all,period_prevalence,M3,1275,1399584,,,,,,,,,,,,,,,,,,,,,,,,
TEST1,2005,all,period_prevalence,M4,1310,1399584,,,,,,,,,,,,,,,,,,,,,,,,
TEST1,2005,all,period_prevalence,M5,1268,1399584,,,,,,,,,,,,,,,,,,,,,,,,
TEST1,2005,all,persontime_prevalence,M1,459502,510855144,,,,,,,,,,,,,,,,,,,,,,,,
TEST1,2005,all,persontime_prevalence,M2,470817,510855144,,,,,,,,,,,,,,,,,,,,,,,,
TEST1,2005,all,persontime_prevalence,M3,467897,510855144,,,,,,,,,,,,,,,,,,,,,,,,
TEST1,2005,all,persontime_prevalence,M4,477387,510855144,,,,,,,,,,,,,,,,,,,,,,,,
TEST1,2005,all,persontime_prevalence,M5,464977,510855144,,,,,,,,,,,,,,,,,,,,,,,,
TEST1,2005-2009,all,period_prevalence,M1,6295,6997819,,,,,,,,,,,,,,,,,,,,,,,,
TEST1,2005-2009,all,period_prevalence,M2,6442,6997819,,,,,,,,,,,,,,,,,,,,,,,,
TEST1,2005-2009,all,period_prevalence,M3,6383,6997819,,,,,,,,,,,,,,,,,,,,,,,,
TEST1,2005-2009,all,period_prevalence,M4,6561,6997819,,,,,,,,,,,,,,,,,,,,,,,,
TEST1,2005-2009,all,period_prevalence,M5,6345,6997819,,,,,,,,,,,,,,,,,,,,,,,,
TEST1,2005-2009,all,persontime_prevalence,M1,2301158,2554238912,,,,,,,,,,,,,,,,,,,,,,,,
TEST1,2005-2009,all,persontime_prevalence,M2,2356638,2554238912,,,,,,,,,,,,,,,,,,,,,,,,
TEST1,2005-2009,all,persontime_prevalence,M3,2330723,2554238912,,,,,,,,,,,,,,,,,,,,,,,,
TEST1,2005-2009,all,persontime_prevalence,M4,2392043,2554238912,,,,,,,,,,,,,,,,,,,,,,,,
TEST1,2005-2009,all,persontime_prevalence,M5,2321598,2554238912,,,,,,,,,,,,,,,,,,,,,,,,
TEST1,2005-2019,all,period_prevalence,M1,18892,20993414,,,,,,,,,,,,,,,,,,,,,,,,
TEST1,2005-2019,all,period_prevalence,M2,19348,20993414,,,,,,,,,,,,,,,,,,,,,,,,
TEST1,2005-2019,all,period_prevalence,M3,19140,20993414,,,,,,,,,,,,,,,,,,,,,,,,
TEST1,2005-2019,all,period_prevalence,M4,19693,20993414,,,,,,,,,,,,,,,,,,,,,,,,
TEST1,2005-2019,all,period_prevalence,M5,19037,20993414,,,,,,,,,,,,,,,,,,,,,,,,
TEST1,2005-2019,all,persontime_prevalence,M1,6905978,7662701120,,,,,,,,,,,,,,,,,,,,,,,,
TEST1,2005-2019,all,persontime_prevalence,M2,7074243,7662701120,,,,,,,,,,,,,,,,,,,,,,,,
TEST1,2005-2019,all,persontime_prevalence,M3,7000513,7662701120,,,,,,,,,,,,,,,,,,,,,,,,
TEST1,2005-2019,all,persontime_prevalence,M4,7184838,7662701120,,,,,,,,,,,,,,,,,,,,,,,,
TEST1,2005-2019,all,persontime_prevalence,M5,6963648,7662701120,,,,,,,,,,,,,,,,,,,,,,,,
TEST1,2006,all,average_monthly_prevalence,M1,,,1267,1400268,1264,1400242,1269,1400266,1267,1400250,1271,1400242,1274,1400268,1274,1400232,1271,1400249,1276,1400231,1269,1400257,1268,1400226,1265,1400253
TEST1,2006,all,average_monthly_prevalence,M2,,,1299,1400268,1297,1400242,1303,1400266,1294,1400250,1302,1400242,1303,1400268,1302,1400232,1301,1400249,1312,1400231,1303,1400257,1301,1400226,1297,1400253
TEST1,2006,all,average_monthly_prevalence,M3,,,1280,1400268,1280,1400242,1281,1400266,1281,1400250,1286,1400242,1291,1400268,1289,1400232,1288,1400249,1289,1400231,1289,1400257,1287,1400226,1282,1400253
TEST1,2006,all,average_monthly_prevalence,M4,,,1320,1400268,1325,1400242,1324,1400266,1322,1400250,1321,1400242,1329,1400268,1327,1400232,1323,1400249,1331,1400231,1322,1400257,1321,1400226,1319,1400253
TEST1,2006,all,average_monthly_prevalence,M5,,,1274,1400268,1274,1400242,1282,1400266,1280,1400250,1285,1400242,1280,1400268,1285,1400232,1288,1400249,1290,1400231,1281,1400257,1283,1400226,1275,1400253
TEST1,2006,all,period_prevalence,M1,1258,1399546,,,,,,,,,,,,,,,,,,,,,,,,
TEST1,2006,all,period_prevalence,M2,1289,1399546,,,,,,,,,,,,,,,,,,,,,,,,
TEST1,2006,all,period_prevalence,M3,1274,1399546,,,,,,,,,,,,,,,,,,,,,,,,
TEST1,2006,all,period_prevalence,M4,1313,1399546,,,,,,,,,,,,,,,,,,,,,,,,
TEST1,2006,all,period_prevalence,M5,1270,1399546,,,,,,,,,,,,,,,,,,,,,,,,
TEST1,2006,all,persontime_prevalence,M1,459877,510841280,,,,,,,,,,,,,,,,,,,,,,,,
TEST1,2006,all,persontime_prevalence,M2,470827,510841280,,,,,,,,,,,,,,,,,,,,,,,,
TEST1,2006,all,persontime_prevalence,M3,463892,510841280,,,,,,,,,,,,,,,,,,,,,,,,
TEST1,2006,all,persontime_prevalence,M4,478492,510841280,,,,,,,,,,,,,,,,,,,,,,,,
TEST1,2006,all,persontime_prevalence,M5,464257,510841280,,,,,,,,,,,,,,,,,,,,,,,,
TEST1,2007,all,average_monthly_prevalence,M1,,,1266,1400243,1265,1400246,1272,1400243,1273,1400236,1276,1400295,1273,1400249,1268,1400270,1271,1400271,1275,1400245,1272,1400258,1272,1400238,1272,1400254
TEST1,2007,all,average_monthly_prevalence,M2,,,1298,1400243,1298,1400246,1306,1400243,1307,1400236,1309,1400295,1303,1400249,1298,1400270,1306,1400271,1307,1400245,1307,1400258,1304,1400238,1304,1400254
TEST1,2007,all,average_monthly_prevalence,M3,,,1285,1400243,1281,1400246,1287,1400243,1286,1400236,1292,1400295,1287,1400249,1287,1400270,1288,1400271,1291,1400245,1294,1400258,1288,1400238,1286,1400254
TEST1,2007,all,average_monthly_prevalence,M4,,,1317,1400243,1319,1400246,1327,1400243,1327,1400236,1327,1400295,1318,1400249,1321,1400270,1327,1400271,1328,1400245,1327,1400258,1326,1400238,1326,1400254
TEST1,2007,all,average_monthly_prevalence,M5,,,1282,1400243,1276,1400246,1285,1400243,1286,1400236,1287,1400295,1281,1400249,1275,1400270,1283,1400271,1282,1400245,1281,1400258,1281,1400238,1286,1400254
TEST1,2007,all,period_prevalence,M1,1262,1399590,,,,,,,,,,,,,,,,,,,,,,,,
TEST1,2007,all,period_prevalence,M2,1294,1399590,,,,,,,,,,,,,,,,,,,,,,,,
TEST1,2007,all,period_prevalence,M3,1278,1399590,,,,,,,,,,,,,,,,,,,,,,,,
TEST1,2007,all,period_prevalence,M4,1315,1399590,,,,,,,,,,,,,,,,,,,,,,,,
TEST1,2007,all,period_prevalence,M5,1270,1399590,,,,,,,,,,,,,,,,,,,,,,,,
TEST1,2007,all,persontime_prevalence,M1,461316,510857360,,,,,,,,,,,,,,,,,,,,,,,,
TEST1,2007,all,persontime_prevalence,M2,472266,510857360,,,,,,,,,,,,,,,,,,,,,,,,
TEST1,2007,all,persontime_prevalence,M3,466791,510857360,,,,,,,,,,,,,,,,,,,,,,,,
TEST1,2007,all,persontime_prevalence,M4,479566,510857360,,,,,,,,,,,,,,,,,,,,,,,,
TEST1,2007,all,persontime_prevalence,M5,464236,510857360,,,,,,,,,,,,,,,,,,,,,,,,
TEST1,2008,all,average_monthly_prevalence,M1,,,1268,1400258,1260,1400261,1273,1400266,1265,1400232,1266,1400250,1269,1400270,1271,1400244,1272,1400250,1275,1400255,1270,1400273,1270,1400227,1269,1400227
TEST1,2008,all,average_monthly_prevalence,M2,,,1297,1400258,1289,1400261,1308,1400266,1294,1400232,1301,1400250,1300,1400270,1302,1400244,1307,1400250,1307,1400255,1300,1400273,1301,1400227,1302,1400227
TEST1,2008,all,average_monthly_prevalence,M3,,,1284,1400258,1288,1400261,1290,1400266,1287,1400232,1283,1400250,1287,1400270,1294,1400244,1291,1400250,1297,1400255,1288,1400273,1285,1400227,1287,1400227
TEST1,2008,all,average_monthly_prevalence,M4,,,1317,1400258,1314,1400261,1326,1400266,1322,1400232,1317,1400250,1326,1400270,1324,1400244,1325,1400250,1326,1400255,1324,1400273,1327,1400227,1318,1400227
TEST1,2008,all,average_monthly_prevalence,M5,,,1279,1400258,1269,1400261,1283,1400266,1273,1400232,1273,1400250,1282,1400270,1279,1400244,1288,1400250,1285,1400255,1278,1400273,1276,1400227,1277,1400227
TEST1,2008,all,period_prevalence,M1,1261,1399554,,,,,,,,,,,,,,,,,,,,,,,,
TEST1,2008,all,period_prevalence,M2,1288,1399554,,,,,,,,,,,,,,,,,,,,,,,,
TEST1,2008,all,period_prevalence,M3,1280,1399554,,,,,,,,,,,,,,,,,,,,,,,,
TEST1,2008,all,period_prevalence,M4,1314,1399554,,,,,,,,,,,,,,,,,,,,,,,,
TEST1,2008,all,period_prevalence,M5,1269,1399554,,,,,,,,,,,,,,,,,,,,,,,,
TEST1,2008,all,persontime_prevalence,M1,460958,510844208,,,,,,,,,,,,,,,,,,,,,,,,
TEST1,2008,all,persontime_prevalence,M2,473003,510844208,,,,,,,,,,,,,,,,,,,,,,,,
TEST1,2008,all,persontime_prevalence,M3,467528,510844208,,,,,,,,,,,,,,,,,,,,,,,,
TEST1,2008,all,persontime_prevalence,M4,479573,510844208,,,,,,,,,,,,,,,,,,,,,,,,
TEST1,2008,all,persontime_prevalence,M5,465338,510844208,,,,,,,,,,,,,,,,,,,,,,,,
TEST1,2009,all,average_monthly_prevalence,M1,,,1268,1400236,1261,1400231,1265,1400273,1270,1400223,1273,1400267,1266,1400284,1269,1400262,1270,1400251,1274,1400241,1262,1400261,1269,1400233,1268,1400240
TEST1,2009,all,average_monthly_prevalence,M2,,,1301,1400236,1292,1400231,1296,1400273,1297,1400223,1304,1400267,1298,1400284,1306,1400262,1304,1400251,1310,1400241,1293,1400261,1299,1400233,1300,1400240
TEST1,2009,all,average_monthly_prevalence,M3,,,1287,1400236,1282,1400231,1285,1400273,1286,1400223,1293,1400267,1279,1400284,1284,1400262,1287,1400251,1295,1400241,1276,1400261,1282,1400233,1286,1400240
TEST1,2009,all,average_monthly_prevalence,M4,,,1314,1400236,1311,1400231,1321,1400273,1328,1400223,1328,1400267,1311,1400284,1323,1400262,1321,1400251,1328,1400241,1311,1400261,1316,1400233,1320,1400240
TEST1,2009,all,average_monthly_prevalence,M5,,,1280,1400236,1273,1400231,1274,1400273,1277,1400223,1290,1400267,1274,1400284,1278,1400262,1276,1400251,1285,1400241,1272,1400261,1276,1400233,1281,1400240
TEST1,2009,all,period_prevalence,M1,1257,1399545,,,,,,,,,,,,,,,,,,,,,,,,
TEST1,2009,all,period_prevalence,M2,1285,1399545,,,,,,,,,,,,,,,,,,,,,,,,
TEST1,2009,all,period_prevalence,M3,1276,1399545,,,,,,,,,,,,,,,,,,,,,,,,
TEST1,2009,all,period_prevalence,M4,1309,1399545,,,,,,,,,,,,,,,,,,,,,,,,
TEST1,2009,all,period_prevalence,M5,1268,1399545,,,,,,,,,,,,,,,,,,,,,,,,
TEST1,2009,all,persontime_prevalence,M1,459505,510840920,,,,,,,,,,,,,,,,,,,,,,,,
TEST1,2009,all,persontime_prevalence,M2,469725,510840920,,,,,,,,,,,,,,,,,,,,,,,,
TEST1,2009,all,persontime_prevalence,M3,464615,510840920,,,,,,,,,,,,,,,,,,,,,,,,
TEST1,2009,all,persontime_prevalence,M4,477025,510840920,,,,,,,,,,,,,,,,,,,,,,,,
TEST1,2009,all,persontime_prevalence,M5,462790,510840920,,,,,,,,,,,,,,,,,,,,,,,,
TEST1,2010,all,average_monthly_prevalence,M1,,,1271,1400258,1265,1400246,1269,1400291,1261,1400245,1275,1400259,1272,1400274,1273,1400261,1271,1400251,1271,1400262,1270,1400267,1262,1400221,1271,1400237
TEST1,2010,all,average_monthly_prevalence,M2,,,1305,1400258,1297,1400246,1294,1400291,1299,1400245,1308,1400259,1302,1400274,1302,1400261,1302,1400251,1299,1400262,1296,1400267,1298,1400221,1305,1400237
TEST1,2010,all,average_monthly_prevalence,M3,,,1287,1400258,1280,1400246,1289,1400291,1277,1400245,1295,1400259,1286,1400274,1293,1400261,1292,1400251,1291,1400262,1287,1400267,1278,1400221,1287,1400237
TEST1,2010,all,average_monthly_prevalence,M4,,,1321,1400258,1319,1400246,1321,1400291,1317,1400245,1328,1400259,1321,1400274,1328,1400261,1323,1400251,1320,1400262,1323,1400267,1314,1400221,1323,1400237
TEST1,2010,all,average_monthly_prevalence,M5,,,1283,1400258,1275,1400246,1283,1400291,1272,1400245,1290,1400259,1277,1400274,1288,1400261,1275,1400251,1285,1400262,1276,1400267,1274,1400221,1285,1400237
TEST1,2010,all,period_prevalence,M1,1258,1399567,,,,,,,,,,,,,,,,,,,,,,,,
TEST1,2010,all,period_prevalence,M2,1289,1399567,,,,,,,,,,,,,,,,,,,,,,,,
TEST1,2010,all,period_prevalence,M3,1271,1399567,,,,,,,,,,,,,,,,,,,,,,,,
TEST1,2010,all,period_prevalence,M4,1311,1399567,,,,,,,,,,,,,,,,,,,,,,,,
TEST1,2010,all,period_prevalence,M5,1267,1399567,,,,,,,,,,,,,,,,,,,,,,,,
TEST1,2010,all,persontime_prevalence,M1,459851,510848968,,,,,,,,,,,,,,,,,,,,,,,,
TEST1,2010,all,persontime_prevalence,M2,470071,510848968,,,,,,,,,,,,,,,,,,,,,,,,
TEST1,2010,all,persontime_prevalence,M3,465691,510848968,,,,,,,,,,,,,,,,,,,,,,,,
TEST1,2010,all,persontime_prevalence,M4,477736,510848968,,,,,,,,,,,,,,,,,,,,,,,,
TEST1,2010,all,persontime_prevalence,M5,464961,510848968,,,,,,,,,,,,,,,,,,,,,,,,
TEST1,2010-2014,all,period_prevalence,M1,6300,6997806,,,,,,,,,,,,,,,,,,,,,,,,
TEST1,2010-2014,all,period_prevalence,M2,6455,6997806,,,,,,,,,,,,,,,,,,,,,,,,
TEST1,2010-2014,all,period_prevalence,M3,6383,6997806,,,,,,,,,,,,,,,,,,,,,,,,
TEST1,2010-2014,all,period_prevalence,M4,6568,6997806,,,,,,,,,,,,,,,,,,,,,,,,
TEST1,2010-2014,all,period_prevalence,M5,6344,6997806,,,,,,,,,,,,,,,,,,,,,,,,
TEST1,2010-2014,all,persontime_prevalence,M1,2302978,2554234200,,,,,,,,,,,,,,,,,,,,,,,,
TEST1,2010-2014,all,persontime_prevalence,M2,2357728,2554234200,,,,,,,,,,,,,,,,,,,,,,,,
TEST1,2010-2014,all,persontime_prevalence,M3,2333638,2554234200,,,,,,,,,,,,,,,,,,,,,,,,
TEST1,2010-2014,all,persontime_prevalence,M4,2394958,2554234200,,,,,,,,,,,,,,,,,,,,,,,,
TEST1,2010-2014,all,persontime_prevalence,M5,2320133,2554234200,,,,,,,,,,,,,,,,,,,,,,,,
TEST1,2011,all,average_monthly_prevalence,M1,,,1265,1400271,1262,1400232,1266,1400255,1265,1400249,1279,1400287,1268,1400272,1272,1400263,1266,1400243,1272,1400256,1268,1400274,1266,1400221,1266,1400274
TEST1,2011,all,average_monthly_prevalence,M2,,,1296,1400271,1295,1400232,1297,1400255,1294,1400249,1308,1400287,1302,1400272,1302,1400263,1301,1400243,1304,1400256,1296,1400274,1295,1400221,1298,1400274
TEST1,2011,all,average_monthly_prevalence,M3,,,1285,1400271,1282,1400232,1287,1400255,1286,1400249,1296,1400287,1286,1400272,1287,1400263,1285,1400243,1291,1400256,1285,1400274,1286,1400221,1286,1400274
TEST1,2011,all,average_monthly_prevalence,M4,,,1316,1400271,1317,1400232,1318,1400255,1312,1400249,1329,1400287,1322,1400272,1332,1400263,1321,1400243,1316,1400256,1319,1400274,1315,1400221,1320,1400274
TEST1,2011,all,average_monthly_prevalence,M5,,,1276,1400271,1275,1400232,1273,1400255,1278,1400249,1294,1400287,1278,1400272,1282,1400263,1273,1400243,1284,1400256,1279,1400274,1273,1400221,1279,1400274
TEST1,2011,all,period_prevalence,M1,1261,1399587,,,,,,,,,,,,,,,,,,,,,,,,
TEST1,2011,all,period_prevalence,M2,1292,1399587,,,,,,,,,,,,,,,,,,,,,,,,
TEST1,2011,all,period_prevalence,M3,1285,1399587,,,,,,,,,,,,,,,,,,,,,,,,
TEST1,2011,all,period_prevalence,M4,1316,1399587,,,,,,,,,,,,,,,,,,,,,,,,
TEST1,2011,all,period_prevalence,M5,1271,1399587,,,,,,,,,,,,,,,,,,,,,,,,
TEST1,2011,all,persontime_prevalence,M1,460942,510856224,,,,,,,,,,,,,,,,,,,,,,,,
TEST1,2011,all,persontime_prevalence,M2,472987,510856224,,,,,,,,,,,,,,,,,,,,,,,,
TEST1,2011,all,persontime_prevalence,M3,466782,510856224,,,,,,,,,,,,,,,,,,,,,,,,
TEST1,2011,all,persontime_prevalence,M4,479922,510856224,,,,,,,,,,,,,,,,,,,,,,,,
TEST1,2011,all,persontime_prevalence,M5,462767,510856224,,,,,,,,,,,,,,,,,,,,,,,,
TEST1,2012,all,average_monthly_prevalence,M1,,,1269,1400267,1260,1400254,1265,1400257,1267,1400257,1276,1400251,1270,1400267,1268,1400261,1265,1400226,1274,1400259,1270,1400240,1267,1400230,1276,1400243
TEST1,2012,all,average_monthly_prevalence,M2,,,1300,1400267,1290,1400254,1299,1400257,1302,1400257,1309,1400251,1301,1400267,1297,1400261,1298,1400226,1301,1400259,1304,1400240,1302,1400230,1307,1400243
TEST1,2012,all,average_monthly_prevalence,M3,,,1287,1400267,1274,1400254,1282,1400257,1290,1400257,1293,1400251,1288,1400267,1287,1400261,1281,1400226,1289,1400259,1285,1400240,1285,1400230,1298,1400243
TEST1,2012,all,average_monthly_prevalence,M4,,,1323,1400267,1312,1400254,1314,1400257,1318,1400257,1330,1400251,1327,1400267,1318,1400261,1317,1400226,1327,1400259,1326,1400240,1321,1400230,1332,1400243
TEST1,2012,all,average_monthly_prevalence,M5,,,1280,1400267,1268,1400254,1277,1400257,1278,1400257,1290,1400251,1282,1400267,1276,1400261,1280,1400226,1285,1400259,1276,1400240,1276,1400230,1291,1400243
TEST1,2012,all,period_prevalence,M1,1265,1399528,,,,,,,,,,,,,,,,,,,,,,,,
TEST1,2012,all,period_prevalence,M2,1297,1399528,,,,,,,,,,,,,,,,,,,,,,,,
TEST1,2012,all,period_prevalence,M3,1279,1399528,,,,,,,,,,,,,,,,,,,,,,,,
TEST1,2012,all,period_prevalence,M4,1316,1399528,,,,,,,,,,,,,,,,,,,,,,,,
TEST1,2012,all,period_prevalence,M5,1273,1399528,,,,,,,,,,,,,,,,,,,,,,,,
TEST1,2012,all,persontime_prevalence,M1,462444,510834728,,,,,,,,,,,,,,,,,,,,,,,,
TEST1,2012,all,persontime_prevalence,M2,472299,510834728,,,,,,,,,,,,,,,,,,,,,,,,
TEST1,2012,all,persontime_prevalence,M3,467919,510834728,,,,,,,,,,,,,,,,,,,,,,,,
TEST1,2012,all,persontime_prevalence,M4,480329,510834728,,,,,,,,,,,,,,,,,,,,,,,,
TEST1,2012,all,persontime_prevalence,M5,464999,510834728,,,,,,,,,,,,,,,,,,,,,,,,
TEST1,2013,all,average_monthly_prevalence,M1,,,1268,1400266,1269,1400218,1272,1400288,1270,1400214,1272,1400253,1267,1400280,1276,1400259,1266,1400257,1274,1400239,1266,1400273,1267,1400246,1269,1400223
TEST1,2013,all,average_monthly_prevalence,M2,,,1301,1400266,1298,1400218,1309,1400288,1298,1400214,1307,1400253,1302,1400280,1304,1400259,1295,1400257,1305,1400239,1300,1400273,1297,1400246,1302,1400223
TEST1,2013,all,average_monthly_prevalence,M3,,,1286,1400266,1286,1400218,1282,1400288,1286,1400214,1289,1400253,1285,1400280,1290,1400259,1282,1400257,1294,1400239,1284,1400273,1285,1400246,1284,1400223
TEST1,2013,all,average_monthly_prevalence,M4,,,1320,1400266,1315,1400218,1323,1400288,1325,1400214,1328,1400253,1322,1400280,1329,1400259,1313,1400257,1329,1400239,1319,1400273,1319,1400246,1322,1400223
TEST1,2013,all,average_monthly_prevalence,M5,,,1273,1400266,1283,1400218,1281,1400288,1281,1400214,1283,1400253,1283,1400280,1286,1400259,1276,1400257,1284,1400239,1280,1400273,1279,1400246,1282,1400223
TEST1,2013,all,period_prevalence,M1,1256,1399566,,,,,,,,,,,,,,,,,,,,,,,,
TEST1,2013,all,period_prevalence,M2,1289,1399566,,,,,,,,,,,,,,,,,,,,,,,,
TEST1,2013,all,period_prevalence,M3,1272,1399566,,,,,,,,,,,,,,,,,,,,,,,,
TEST1,2013,all,period_prevalence,M4,1310,1399566,,,,,,,,,,,,,,,,,,,,,,,,
TEST1,2013,all,period_prevalence,M5,1262,1399566,,,,,,,,,,,,,,,,,,,,,,,,
TEST1,2013,all,persontime_prevalence,M1,459155,510848600,,,,,,,,,,,,,,,,,,,,,,,,
TEST1,2013,all,persontime_prevalence,M2,470470,510848600,,,,,,,,,,,,,,,,,,,,,,,,
TEST1,2013,all,persontime_prevalence,M3,465725,510848600,,,,,,,,,,,,,,,,,,,,,,,,
TEST1,2013,all,persontime_prevalence,M4,477040,510848600,,,,,,,,,,,,,,,,,,,,,,,,
TEST1,2013,all,persontime_prevalence,M5,462075,510848600,,,,,,,,,,,,,,,,,,,,,,,,
TEST1,2014,all,average_monthly_prevalence,M1,,,1265,1400235,1261,1400238,1268,1400256,1270,1400214,1270,1400269,1274,1400265,1267,1400259,1270,1400262,1273,1400256,1273,1400268,1269,1400216,1271,1400244
TEST1,2014,all,average_monthly_prevalence,M2,,,1297,1400235,1298,1400238,1297,1400256,1298,1400214,1301,1400269,1308,1400265,1295,1400259,1300,1400262,1308,1400256,1306,1400268,1301,1400216,1309,1400244
TEST1,2014,all,average_monthly_prevalence,M3,,,1284,1400235,1278,1400238,1281,1400256,1287,1400214,1286,1400269,1292,1400265,1283,1400259,1290,1400262,1292,1400256,1296,1400268,1286,1400216,1289,1400244
TEST1,2014,all,average_monthly_prevalence,M4,,,1318,1400235,1312,1400238,1323,1400256,1326,1400214,1322,1400269,1322,1400265,1315,1400259,1322,1400262,1324,1400256,1327,1400268,1323,1400216,1320,1400244
TEST1,2014,all,average_monthly_prevalence,M5,,,1274,1400235,1270,1400238,1276,1400256,1286,1400214,1281,1400269,1281,1400265,1274,1400259,1280,1400262,1287,1400256,1282,1400268,1273,1400216,1282,1400244
TEST1,2014,all,period_prevalence,M1,1260,1399558,,,,,,,,,,,,,,,,,,,,,,,,
TEST1,2014,all,period_prevalence,M2,1288,1399558,,,,,,,,,,,,,,,,,,,,,,,,
TEST1,2014,all,period_prevalence,M3,1276,1399558,,,,,,,,,,,,,,,,,,,,,,,,
TEST1,2014,all,period_prevalence,M4,1315,1399558,,,,,,,,,,,,,,,,,,,,,,,,
TEST1,2014,all,period_prevalence,M5,1271,1399558,,,,,,,,,,,,,,,,,,,,,,,,
TEST1,2014,all,persontime_prevalence,M1,460586,510845680,,,,,,,,,,,,,,,,,,,,,,,,
TEST1,2014,all,persontime_prevalence,M2,471901,510845680,,,,,,,,,,,,,,,,,,,,,,,,
TEST1,2014,all,persontime_prevalence,M3,467521,510845680,,,,,,,,,,,,,,,,,,,,,,,,
TEST1,2014,all,persontime_prevalence,M4,479931,510845680,,,,,,,,,,,,,,,,,,,,,,,,
TEST1,2014,all,persontime_prevalence,M5,465331,510845680,,,,,,,,,,,,,,,,,,,,,,,,
TEST1,2015,all,average_monthly_prevalence,M1,,,1267,1400270,1265,1400219,1270,1400274,1269,1400231,1272,1400247,1278,1400276,1269,1400258,1265,1400250,1273,1400250,1270,1400246,1266,1400203,1273,1400263
TEST1,2015,all,average_monthly_prevalence,M2,,,1299,1400270,1297,1400219,1301,1400274,1299,1400231,1303,1400247,1315,1400276,1299,1400258,1296,1400250,1303,1400250,1304,1400246,1294,1400203,1307,1400263
TEST1,2015,all,average_monthly_prevalence,M3,,,1286,1400270,1281,1400219,1292,1400274,1288,1400231,1284,1400247,1295,1400276,1284,1400258,1280,1400250,1293,1400250,1290,1400246,1283,1400203,1291,1400263
TEST1,2015,all,average_monthly_prevalence,M4,,,1322,1400270,1313,1400219,1319,1400274,1319,1400231,1324,1400247,1329,1400276,1321,1400258,1314,1400250,1324,1400250,1323,1400246,1318,1400203,1323,1400263
TEST1,2015,all,average_monthly_prevalence,M5,,,1274,1400270,1273,1400219,1278,1400274,1281,1400231,1284,1400247,1284,1400276,1280,1400258,1281,1400250,1288,1400250,1281,1400246,1282,1400203,1283,1400263
TEST1,2015,all,period_prevalence,M1,1261,1399550,,,,,,,,,,,,,,,,,,,,,,,,
TEST1,2015,all,period_prevalence,M2,1290,1399550,,,,,,,,,,,,,,,,,,,,,,,,
TEST1,2015,all,period_prevalence,M3,1273,1399550,,,,,,,,,,,,,,,,,,,,,,,,
TEST1,2015,all,period_prevalence,M4,1314,1399550,,,,,,,,,,,,,,,,,,,,,,,,
TEST1,2015,all,period_prevalence,M5,1271,1399550,,,,,,,,,,,,,,,,,,,,,,,,
TEST1,2015,all,persontime_prevalence,M1,460963,510842776,,,,,,,,,,,,,,,,,,,,,,,,
TEST1,2015,all,persontime_prevalence,M2,473008,510842776,,,,,,,,,,,,,,,,,,,,,,,,
TEST1,2015,all,persontime_prevalence,M3,467533,510842776,,,,,,,,,,,,,,,,,,,,,,,,
TEST1,2015,all,persontime_prevalence,M4,479943,510842776,,,,,,,,,,,,,,,,,,,,,,,,
TEST1,2015,all,persontime_prevalence,M5,465343,510842776,,,,,,,,,,,,,,,,,,,,,,,,
TEST1,2015-2019,all,period_prevalence,M1,6297,6997789,,,,,,,,,,,,,,,,,,,,,,,,
TEST1,2015-2019,all,period_prevalence,M2,6451,6997789,,,,,,,,,,,,,,,,,,,,,,,,
TEST1,2015-2019,all,period_prevalence,M3,6374,6997789,,,,,,,,,,,,,,,,,,,,,,,,
TEST1,2015-2019,all,period_prevalence,M4,6564,6997789,,,,,,,,,,,,,,,,,,,,,,,,
TEST1,2015-2019,all,period_prevalence,M5,6348,6997789,,,,,,,,,,,,,,,,,,,,,,,,
TEST1,2015-2019,all,persontime_prevalence,M1,2301842,2554228008,,,,,,,,,,,,,,,,,,,,,,,,
TEST1,2015-2019,all,persontime_prevalence,M2,2359877,2554228008,,,,,,,,,,,,,,,,,,,,,,,,
TEST1,2015-2019,all,persontime_prevalence,M3,2336152,2554228008,,,,,,,,,,,,,,,,,,,,,,,,
TEST1,2015-2019,all,persontime_prevalence,M4,2397837,2554228008,,,,,,,,,,,,,,,,,,,,,,,,
TEST1,2015-2019,all,persontime_prevalence,M5,2321917,2554228008,,,,,,,,,,,,,,,,,,,,,,,,
TEST1,2016,all,average_monthly_prevalence,M1,,,1264,1400263,1263,1400250,1275,1400242,1268,1400261,1271,1400251,1272,1400262,1272,1400284,1271,1400247,1275,1400231,1273,1400265,1270,1400235,1270,1400224
TEST1,2016,all,average_monthly_prevalence,M2,,,1299,1400263,1299,1400250,1307,1400242,1298,1400261,1308,1400251,1302,1400262,1308,1400284,1304,1400247,1309,1400231,1301,1400265,1304,1400235,1301,1400224
TEST1,2016,all,average_monthly_prevalence,M3,,,1284,1400263,1284,1400250,1293,1400242,1284,1400261,1291,1400251,1292,1400262,1286,1400284,1286,1400247,1294,1400231,1292,1400265,1285,1400235,1284,1400224
TEST1,2016,all,average_monthly_prevalence,M4,,,1319,1400263,1322,1400250,1327,1400242,1324,1400261,1324,1400251,1322,1400262,1325,1400284,1322,1400247,1322,1400231,1329,1400265,1324,1400235,1319,1400224
TEST1,2016,all,average_monthly_prevalence,M5,,,1273,1400263,1275,1400250,1285,1400242,1275,1400261,1279,1400251,1280,1400262,1285,1400284,1280,1400247,1289,1400231,1281,1400265,1276,1400235,1284,1400224
TEST1,2016,all,period_prevalence,M1,1260,1399566,,,,,,,,,,,,,,,,,,,,,,,,
TEST1,2016,all,period_prevalence,M2,1292,1399566,,,,,,,,,,,,,,,,,,,,,,,,
TEST1,2016,all,period_prevalence,M3,1276,1399566,,,,,,,,,,,,,,,,,,,,,,,,
TEST1,2016,all,period_prevalence,M4,1312,1399566,,,,,,,,,,,,,,,,,,,,,,,,
TEST1,2016,all,period_prevalence,M5,1273,1399566,,,,,,,,,,,,,,,,,,,,,,,,
TEST1,2016,all,persontime_prevalence,M1,460603,510848600,,,,,,,,,,,,,,,,,,,,,,,,
TEST1,2016,all,persontime_prevalence,M2,473013,510848600,,,,,,,,,,,,,,,,,,,,,,,,
TEST1,2016,all,persontime_prevalence,M3,468268,510848600,,,,,,,,,,,,,,,,,,,,,,,,
TEST1,2016,all,persontime_prevalence,M4,479583,510848600,,,,,,,,,,,,,,,,,,,,,,,,
TEST1,2016,all,persontime_prevalence,M5,465348,510848600,,,,,,,,,,,,,,,,,,,,,,,,
TEST1,2017,all,average_monthly_prevalence,M1,,,1271,1400272,1265,1400225,1275,1400271,1269,1400229,1270,1400280,1275,1400271,1268,1400251,1267,1400230,1275,1400238,1266,1400264,1268,1400238,1269,1400245
TEST1,2017,all,average_monthly_prevalence,M2,,,1301,1400272,1299,1400225,1304,1400271,1297,1400229,1305,1400280,1304,1400271,1301,1400251,1300,1400230,1303,1400238,1298,1400264,1299,1400238,1301,1400245
TEST1,2017,all,average_monthly_prevalence,M3,,,1288,1400272,1285,1400225,1292,1400271,1287,1400229,1284,1400280,1296,1400271,1286,1400251,1289,1400230,1288,1400238,1281,1400264,1285,1400238,1280,1400245
TEST1,2017,all,average_monthly_prevalence,M4,,,1327,1400272,1316,1400225,1333,1400271,1322,1400229,1323,1400280,1326,1400271,1322,1400251,1323,1400230,1328,1400238,1315,1400264,1317,1400238,1320,1400245
TEST1,2017,all,average_monthly_prevalence,M5,,,1282,1400272,1274,1400225,1285,1400271,1284,1400229,1281,1400280,1288,1400271,1281,1400251,1278,1400230,1288,1400238,1276,1400264,1280,1400238,1281,1400245
TEST1,2017,all,period_prevalence,M1,1259,1399558,,,,,,,,,,,,,,,,,,,,,,,,
TEST1,2017,all,period_prevalence,M2,1287,1399558,,,,,,,,,,,,,,,,,,,,,,,,
TEST1,2017,all,period_prevalence,M3,1274,1399558,,,,,,,,,,,,,,,,,,,,,,,,
TEST1,2017,all,period_prevalence,M4,1312,1399558,,,,,,,,,,,,,,,,,,,,,,,,
TEST1,2017,all,period_prevalence,M5,1271,1399558,,,,,,,,,,,,,,,,,,,,,,,,
TEST1,2017,all,persontime_prevalence,M1,460226,510845672,,,,,,,,,,,,,,,,,,,,,,,,
TEST1,2017,all,persontime_prevalence,M2,470811,510845672,,,,,,,,,,,,,,,,,,,,,,,,
TEST1,2017,all,persontime_prevalence,M3,467526,510845672,,,,,,,,,,,,,,,,,,,,,,,,
TEST1,2017,all,persontime_prevalence,M4,480301,510845672,,,,,,,,,,,,,,,,,,,,,,,,
TEST1,2017,all,persontime_prevalence,M5,464241,510845672,,,,,,,,,,,,,,,,,,,,,,,,
TEST1,2018,all,average_monthly_prevalence,M1,,,1264,1400253,1264,1400253,1270,1400241,1265,1400252,1274,1400260,1275,1400276,1275,1400246,1271,1400265,1275,1400235,1266,1400264,1271,1400241,1267,1400268
TEST1,2018,all,average_monthly_prevalence,M2,,,1297,1400253,1289,1400253,1302,1400241,1300,1400252,1303,1400260,1309,1400276,1309,1400246,1303,1400265,1304,1400235,1295,1400264,1301,1400241,1299,1400268
TEST1,2018,all,average_monthly_prevalence,M3,,,1285,1400253,1282,1400253,1291,1400241,1280,1400252,1289,1400260,1297,1400276,1293,1400246,1285,1400265,1298,1400235,1278,1400264,1291,1400241,1283,1400268
TEST1,2018,all,average_monthly_prevalence,M4,,,1313,1400253,1315,1400253,1317,1400241,1319,1400252,1328,1400260,1327,1400276,1329,1400246,1328,1400265,1328,1400235,1320,1400264,1322,1400241,1320,1400268
TEST1,2018,all,average_monthly_prevalence,M5,,,1273,1400253,1274,1400253,1283,1400241,1271,1400252,1285,1400260,1291,1400276,1284,1400246,1281,1400265,1284,1400235,1275,1400264,1285,1400241,1280,1400268
TEST1,2018,all,period_prevalence,M1,1258,1399576,,,,,,,,,,,,,,,,,,,,,,,,
TEST1,2018,all,period_prevalence,M2,1292,1399576,,,,,,,,,,,,,,,,,,,,,,,,
TEST1,2018,all,period_prevalence,M3,1275,1399576,,,,,,,,,,,,,,,,,,,,,,,,
TEST1,2018,all,period_prevalence,M4,1313,1399576,,,,,,,,,,,,,,,,,,,,,,,,
TEST1,2018,all,period_prevalence,M5,1265,1399576,,,,,,,,,,,,,,,,,,,,,,,,
TEST1,2018,all,persontime_prevalence,M1,459838,510852240,,,,,,,,,,,,,,,,,,,,,,,,
TEST1,2018,all,persontime_prevalence,M2,470058,510852240,,,,,,,,,,,,,,,,,,,,,,,,
TEST1,2018,all,persontime_prevalence,M3,466773,510852240,,,,,,,,,,,,,,,,,,,,,,,,
TEST1,2018,all,persontime_prevalence,M4,479183,510852240,,,,,,,,,,,,,,,,,,,,,,,,
TEST1,2018,all,persontime_prevalence,M5,464218,510852240,,,,,,,,,,,,,,,,,,,,,,,,
TEST1,2019,all,average_monthly_prevalence,M1,,,1269,1400256,1264,1400247,1264,1400253,1265,1400258,1271,1400274,1278,1400264,1270,1400257,1270,1400232,1271,1400224,1272,1400268,1270,1400245,1265,1400225
TEST1,2019,all,average_monthly_prevalence,M2,,,1297,1400256,1297,1400247,1291,1400253,1302,1400258,1300,1400274,1311,1400264,1301,1400257,1299,1400232,1311,1400224,1297,1400268,1306,1400245,1303,1400225
TEST1,2019,all,average_monthly_prevalence,M3,,,1284,1400256,1282,1400247,1282,1400253,1281,1400258,1290,1400274,1298,1400264,1288,1400257,1290,1400232,1288,1400224,1286,1400268,1286,1400245,1284,1400225
TEST1,2019,all,average_monthly_prevalence,M4,,,1321,1400256,1318,1400247,1320,1400253,1318,1400258,1322,1400274,1329,1400264,1322,1400257,1323,1400232,1323,1400224,1322,1400268,1325,1400245,1315,1400225
TEST1,2019,all,average_monthly_prevalence,M5,,,1281,1400256,1272,1400247,1269,1400253,1277,1400258,1282,1400274,1284,1400264,1281,1400257,1280,1400232,1285,1400224,1281,1400268,1282,1400245,1277,1400225
TEST1,2019,all,period_prevalence,M1,1259,1399539,,,,,,,,,,,,,,,,,,,,,,,,
TEST1,2019,all,period_prevalence,M2,1290,1399539,,,,,,,,,,,,,,,,,,,,,,,,
TEST1,2019,all,period_prevalence,M3,1276,1399539,,,,,,,,,,,,,,,,,,,,,,,,
TEST1,2019,all,period_prevalence,M4,1313,1399539,,,,,,,,,,,,,,,,,,,,,,,,
TEST1,2019,all,period_prevalence,M5,1268,1399539,,,,,,,,,,,,,,,,,,,,,,,,
TEST1,2019,all,persontime_prevalence,M1,460212,510838720,,,,,,,,,,,,,,,,,,,,,,,,
TEST1,2019,all,persontime_prevalence,M2,472987,510838720,,,,,,,,,,,,,,,,,,,,,,,,
TEST1,2019,all,persontime_prevalence,M3,466052,510838720,,,,,,,,,,,,,,,,,,,,,,,,
TEST1,2019,all,persontime_prevalence,M4,478827,510838720,,,,,,,,,,,,,,,,,,,,,,,,
TEST1,2019,all,persontime_prevalence,M5,462767,510838720,,,,,,,,,,,,,,,,,,,,,,,,
TEST1,2005-2009,15-19,period_prevalence,M1,655,999119,,,,,,,,,,,,,,,,,,,,,,,,
TEST1,2005-2009,15-19,period_prevalence,M2,676,999119,,,,,,,,,,,,,,,,,,,,,,,,
TEST1,2005-2009,15-19,period_prevalence,M3,669,999119,,,,,,,,,,,,,,,,,,,,,,,,
TEST1,2005-2009,15-19,period_prevalence,M4,687,999119,,,,,,,,,,,,,,,,,,,,,,,,
TEST1,2005-2009,15-19,period_prevalence,M5,662,999119,,,,,,,,,,,,,,,,,,,,,,,,
TEST1,2005-2009,15-19,persontime_prevalence,M1,239570,364683432,,,,,,,,,,,,,,,,,,,,,,,,
TEST1,2005-2009,15-19,persontime_prevalence,M2,248695,364683432,,,,,,,,,,,,,,,,,,,,,,,,
TEST1,2005-2009,15-19,persontime_prevalence,M3,243950,364683432,,,,,,,,,,,,,,,,,,,,,,,,
TEST1,2005-2009,15-19,persontime_prevalence,M4,252345,364683432,,,,,,,,,,,,,,,,,,,,,,,,
TEST1,2005-2009,15-19,persontime_prevalence,M5,243220,364683432,,,,,,,,,,,,,,,,,,,,,,,,
TEST1,2005-2009,20-24,period_prevalence,M1,793,1001464,,,,,,,,,,,,,,,,,,,,,,,,
TEST1,2005-2009,20-24,period_prevalence,M2,816,1001464,,,,,,,,,,,,,,,,,,,,,,,,
TEST1,2005-2009,20-24,period_prevalence,M3,807,1001464,,,,,,,,,,,,,,,,,,,,,,,,
TEST1,2005-2009,20-24,period_prevalence,M4,829,1001464,,,,,,,,,,,,,,,,,,,,,,,,
TEST1,2005-2009,20-24,period_prevalence,M5,801,1001464,,,,,,,,,,,,,,,,,,,,,,,,
TEST1,2005-2009,20-24,persontime_prevalence,M1,289946,365539360,,,,,,,,,,,,,,,,,,,,,,,,
TEST1,2005-2009,20-24,persontime_prevalence,M2,297976,365539360,,,,,,,,,,,,,,,,,,,,,,,,
TEST1,2005-2009,20-24,persontime_prevalence,M3,293596,365539360,,,,,,,,,,,,,,,,,,,,,,,,
TEST1,2005-2009,20-24,persontime_prevalence,M4,303086,365539360,,,,,,,,,,,,,,,,,,,,,,,,
TEST1,2005-2009,20-24,persontime_prevalence,M5,292866,365539360,,,,,,,,,,,,,,,,,,,,,,,,
TEST1,2005-2009,25-29,period_prevalence,M1,790,999231,,,,,,,,,,,,,,,,,,,,,,,,
TEST1,2005-2009,25-29,period_prevalence,M2,804,999231,,,,,,,,,,,,,,,,,,,,,,,,
TEST1,2005-2009,25-29,period_prevalence,M3,804,999231,,,,,,,,,,,,,,,,,,,,,,,,
TEST1,2005-2009,25-29,period_prevalence,M4,832,999231,,,,,,,,,,,,,,,,,,,,,,,,
TEST1,2005-2009,25-29,period_prevalence,M5,798,999231,,,,,,,,,,,,,,,,,,,,,,,,
TEST1,2005-2009,25-29,persontime_prevalence,M1,288854,364724312,,,,,,,,,,,,,,,,,,,,,,,,
TEST1,2005-2009,25-29,persontime_prevalence,M2,297614,364724312,,,,,,,,,,,,,,,,,,,,,,,,
TEST1,2005-2009,25-29,persontime_prevalence,M3,291774,364724312,,,,,,,,,,,,,,,,,,,,,,,,
TEST1,2005-2009,25-29,persontime_prevalence,M4,301629,364724312,,,,,,,,,,,,,,,,,,,,,,,,
TEST1,2005-2009,25-29,persontime_prevalence,M5,291409,364724312,,,,,,,,,,,,,,,,,,,,,,,,
TEST1,2005-2009,30-34,period_prevalence,M1,887,998713,,,,,,,,,,,,,,,,,,,,,,,,
TEST1,2005-2009,30-34,period_prevalence,M2,909,998713,,,,,,,,,,,,,,,,,,,,,,,,
TEST1,2005-2009,30-34,period_prevalence,M3,903,998713,,,,,,,,,,,,,,,,,,,,,,,,
TEST1,2005-2009,30-34,period_prevalence,M4,926,998713,,,,,,,,,,,,,,,,,,,,,,,,
TEST1,2005-2009,30-34,period_prevalence,M5,897,998713,,,,,,,,,,,,,,,,,,,,,,,,
TEST1,2005-2009,30-34,persontime_prevalence,M1,324246,364535232,,,,,,,,,,,,,,,,,,,,,,,,
TEST1,2005-2009,30-34,persontime_prevalence,M2,331546,364535232,,,,,,,,,,,,,,,,,,,,,,,,
TEST1,2005-2009,30-34,persontime_prevalence,M3,330086,364535232,,,,,,,,,,,,,,,,,,,,,,,,
TEST1,2005-2009,30-34,persontime_prevalence,M4,336656,364535232,,,,,,,,,,,,,,,,,,,,,,,,
TEST1,2005-2009,30-34,persontime_prevalence,M5,327166,364535232,,,,,,,,,,,,,,,,,,,,,,,,
TEST1,2005-2009,35-39,period_prevalence,M1,1058,1000045,,,,,,,,,,,,,,,,,,,,,,,,
TEST1,2005-2009,35-39,period_prevalence,M2,1081,1000045,,,,,,,,,,,,,,,,,,,,,,,,
TEST1,2005-2009,35-39,period_prevalence,M3,1066,1000045,,,,,,,,,,,,,,,,,,,,,,,,
TEST1,2005-2009,35-39,period_prevalence,M4,1099,1000045,,,,,,,,,,,,,,,,,,,,,,,,
TEST1,2005-2009,35-39,period_prevalence,M5,1064,1000045,,,,,,,,,,,,,,,,,,,,,,,,
TEST1,2005-2009,35-39,persontime_prevalence,M1,386655,365021440,,,,,,,,,,,,,,,,,,,,,,,,
TEST1,2005-2009,35-39,persontime_prevalence,M2,393955,365021440,,,,,,,,,,,,,,,,,,,,,,,,
TEST1,2005-2009,35-39,persontime_prevalence,M3,390670,365021440,,,,,,,,,,,,,,,,,,,,,,,,
TEST1,2005-2009,35-39,persontime_prevalence,M4,400890,365021440,,,,,,,,,,,,,,,,,,,,,,,,
TEST1,2005-2009,35-39,persontime_prevalence,M5,390305,365021440,,,,,,,,,,,,,,,,,,,,,,,,
TEST1,2005-2009,40-44,period_prevalence,M1,1028,1000365,,,,,,,,,,,,,,,,,,,,,,,,
TEST1,2005-2009,40-44,period_prevalence,M2,1050,1000365,,,,,,,,,,,,,,,,,,,,,,,,
TEST1,2005-2009,40-44,period_prevalence,M3,1035,1000365,,,,,,,,,,,,,,,,,,,,,,,,
TEST1,2005-2009,40-44,period_prevalence,M4,1066,1000365,,,,,,,,,,,,,,,,,,,,,,,,
TEST1,2005-2009,40-44,period_prevalence,M5,1032,1000365,,,,,,,,,,,,,,,,,,,,,,,,
TEST1,2005-2009,40-44,persontime_prevalence,M1,375726,365138224,,,,,,,,,,,,,,,,,,,,,,,,
TEST1,2005-2009,40-44,persontime_prevalence,M2,383026,365138224,,,,,,,,,,,,,,,,,,,,,,,,
TEST1,2005-2009,40-44,persontime_prevalence,M3,380471,365138224,,,,,,,,,,,,,,,,,,,,,,,,
TEST1,2005-2009,40-44,persontime_prevalence,M4,387771,365138224,,,,,,,,,,,,,,,,,,,,,,,,
TEST1,2005-2009,40-44,persontime_prevalence,M5,378646,365138224,,,,,,,,,,,,,,,,,,,,,,,,
TEST1,2005-2009,45-49,period_prevalence,M1,1084,998882,,,,,,,,,,,,,,,,,,,,,,,,
TEST1,2005-2009,45-49,period_prevalence,M2,1106,998882,,,,,,,,,,,,,,,,,,,,,,,,
TEST1,2005-2009,45-49,period_prevalence,M3,1099,998882,,,,,,,,,,,,,,,,,,,,,,,,
TEST1,2005-2009,45-49,period_prevalence,M4,1122,998882,,,,,,,,,,,,,,,,,,,,,,,,
TEST1,2005-2009,45-49,period_prevalence,M5,1091,998882,,,,,,,,,,,,,,,,,,,,,,,,
TEST1,2005-2009,45-49,persontime_prevalence,M1,396161,364596912,,,,,,,,,,,,,,,,,,,,,,,,
TEST1,2005-2009,45-49,persontime_prevalence,M2,403826,364596912,,,,,,,,,,,,,,,,,,,,,,,,
TEST1,2005-2009,45-49,persontime_prevalence,M3,400176,364596912,,,,,,,,,,,,,,,,,,,,,,,,
TEST1,2005-2009,45-49,persontime_prevalence,M4,409666,364596912,,,,,,,,,,,,,,,,,,,,,,,,
TEST1,2005-2009,45-49,persontime_prevalence,M5,397986,364596912,,,,,,,,,,,,,,,,,,,,,,,,
TEST1,2010-2014,15-19,period_prevalence,M1,657,999123,,,,,,,,,,,,,,,,,,,,,,,,
TEST1,2010-2014,15-19,period_prevalence,M2,677,999123,,,,,,,,,,,,,,,,,,,,,,,,
TEST1,2010-2014,15-19,period_prevalence,M3,667,999123,,,,,,,,,,,,,,,,,,,,,,,,
TEST1,2010-2014,15-19,period_prevalence,M4,692,999123,,,,,,,,,,,,,,,,,,,,,,,,
TEST1,2010-2014,15-19,period_prevalence,M5,664,999123,,,,,,,,,,,,,,,,,,,,,,,,
TEST1,2010-2014,15-19,persontime_prevalence,M1,240304,364684880,,,,,,,,,,,,,,,,,,,,,,,,
TEST1,2010-2014,15-19,persontime_prevalence,M2,247969,364684880,,,,,,,,,,,,,,,,,,,,,,,,
TEST1,2010-2014,15-19,persontime_prevalence,M3,243954,364684880,,,,,,,,,,,,,,,,,,,,,,,,
TEST1,2010-2014,15-19,persontime_prevalence,M4,253079,364684880,,,,,,,,,,,,,,,,,,,,,,,,
TEST1,2010-2014,15-19,persontime_prevalence,M5,242859,364684880,,,,,,,,,,,,,,,,,,,,,,,,
TEST1,2010-2014,20-24,period_prevalence,M1,795,1001459,,,,,,,,,,,,,,,,,,,,,,,,
TEST1,2010-2014,20-24,period_prevalence,M2,817,1001459,,,,,,,,,,,,,,,,,,,,,,,,
TEST1,2010-2014,20-24,period_prevalence,M3,806,1001459,,,,,,,,,,,,,,,,,,,,,,,,
TEST1,2010-2014,20-24,period_prevalence,M4,834,1001459,,,,,,,,,,,,,,,,,,,,,,,,
TEST1,2010-2014,20-24,period_prevalence,M5,798,1001459,,,,,,,,,,,,,,,,,,,,,,,,
TEST1,2010-2014,20-24,persontime_prevalence,M1,290659,365537560,,,,,,,,,,,,,,,,,,,,,,,,
TEST1,2010-2014,20-24,persontime_prevalence,M2,298324,365537560,,,,,,,,,,,,,,,,,,,,,,,,
TEST1,2010-2014,20-24,persontime_prevalence,M3,293944,365537560,,,,,,,,,,,,,,,,,,,,,,,,
TEST1,2010-2014,20-24,persontime_prevalence,M4,303799,365537560,,,,,,,,,,,,,,,,,,,,,,,,
TEST1,2010-2014,20-24,persontime_prevalence,M5,293944,365537560,,,,,,,,,,,,,,,,,,,,,,,,
TEST1,2010-2014,25-29,period_prevalence,M1,787,999203,,,,,,,,,,,,,,,,,,,,,,,,
TEST1,2010-2014,25-29,period_prevalence,M2,807,999203,,,,,,,,,,,,,,,,,,,,,,,,
TEST1,2010-2014,25-29,period_prevalence,M3,801,999203,,,,,,,,,,,,,,,,,,,,,,,,
TEST1,2010-2014,25-29,period_prevalence,M4,821,999203,,,,,,,,,,,,,,,,,,,,,,,,
TEST1,2010-2014,25-29,period_prevalence,M5,792,999203,,,,,,,,,,,,,,,,,,,,,,,,
TEST1,2010-2014,25-29,persontime_prevalence,M1,287746,364714112,,,,,,,,,,,,,,,,,,,,,,,,
TEST1,2010-2014,25-29,persontime_prevalence,M2,295776,364714112,,,,,,,,,,,,,,,,,,,,,,,,
TEST1,2010-2014,25-29,persontime_prevalence,M3,293221,364714112,,,,,,,,,,,,,,,,,,,,,,,,
TEST1,2010-2014,25-29,persontime_prevalence,M4,302346,364714112,,,,,,,,,,,,,,,,,,,,,,,,
TEST1,2010-2014,25-29,persontime_prevalence,M5,289936,364714112,,,,,,,,,,,,,,,,,,,,,,,,
TEST1,2010-2014,30-34,period_prevalence,M1,888,998702,,,,,,,,,,,,,,,,,,,,,,,,
TEST1,2010-2014,30-34,period_prevalence,M2,908,998702,,,,,,,,,,,,,,,,,,,,,,,,
TEST1,2010-2014,30-34,period_prevalence,M3,901,998702,,,,,,,,,,,,,,,,,,,,,,,,
TEST1,2010-2014,30-34,period_prevalence,M4,932,998702,,,,,,,,,,,,,,,,,,,,,,,,
TEST1,2010-2014,30-34,period_prevalence,M5,893,998702,,,,,,,,,,,,,,,,,,,,,,,,
TEST1,2010-2014,30-34,persontime_prevalence,M1,324639,364531224,,,,,,,,,,,,,,,,,,,,,,,,
TEST1,2010-2014,30-34,persontime_prevalence,M2,333764,364531224,,,,,,,,,,,,,,,,,,,,,,,,
TEST1,2010-2014,30-34,persontime_prevalence,M3,330114,364531224,,,,,,,,,,,,,,,,,,,,,,,,
TEST1,2010-2014,30-34,persontime_prevalence,M4,337414,364531224,,,,,,,,,,,,,,,,,,,,,,,,
TEST1,2010-2014,30-34,persontime_prevalence,M5,326464,364531224,,,,,,,,,,,,,,,,,,,,,,,,
TEST1,2010-2014,35-39,period_prevalence,M1,1058,1000042,,,,,,,,,,,,,,,,,,,,,,,,
TEST1,2010-2014,35-39,period_prevalence,M2,1081,1000042,,,,,,,,,,,,,,,,,,,,,,,,
TEST1,2010-2014,35-39,period_prevalence,M3,1069,1000042,,,,,,,,,,,,,,,,,,,,,,,,
TEST1,2010-2014,35-39,period_prevalence,M4,1096,1000042,,,,,,,,,,,,,,,,,,,,,,,,
TEST1,2010-2014,35-39,period_prevalence,M5,1066,1000042,,,,,,,,,,,,,,,,,,,,,,,,
TEST1,2010-2014,35-39,persontime_prevalence,M1,386670,365020328,,,,,,,,,,,,,,,,,,,,,,,,
TEST1,2010-2014,35-39,persontime_prevalence,M2,393240,365020328,,,,,,,,,,,,,,,,,,,,,,,,
TEST1,2010-2014,35-39,persontime_prevalence,M3,390685,365020328,,,,,,,,,,,,,,,,,,,,,,,,
TEST1,2010-2014,35-39,persontime_prevalence,M4,399445,365020328,,,,,,,,,,,,,,,,,,,,,,,,
TEST1,2010-2014,35-39,persontime_prevalence,M5,387765,365020328,,,,,,,,,,,,,,,,,,,,,,,,
TEST1,2010-2014,40-44,period_prevalence,M1,1030,1000396,,,,,,,,,,,,,,,,,,,,,,,,
TEST1,2010-2014,40-44,period_prevalence,M2,1053,1000396,,,,,,,,,,,,,,,,,,,,,,,,
TEST1,2010-2014,40-44,period_prevalence,M3,1041,1000396,,,,,,,,,,,,,,,,,,,,,,,,
TEST1,2010-2014,40-44,period_prevalence,M4,1069,1000396,,,,,,,,,,,,,,,,,,,,,,,,
TEST1,2010-2014,40-44,period_prevalence,M5,1038,1000396,,,,,,,,,,,,,,,,,,,,,,,,
TEST1,2010-2014,40-44,persontime_prevalence,M1,376443,365149544,,,,,,,,,,,,,,,,,,,,,,,,
TEST1,2010-2014,40-44,persontime_prevalence,M2,384838,365149544,,,,,,,,,,,,,,,,,,,,,,,,
TEST1,2010-2014,40-44,persontime_prevalence,M3,380823,365149544,,,,,,,,,,,,,,,,,,,,,,,,
TEST1,2010-2014,40-44,persontime_prevalence,M4,389583,365149544,,,,,,,,,,,,,,,,,,,,,,,,
TEST1,2010-2014,40-44,persontime_prevalence,M5,379728,365149544,,,,,,,,,,,,,,,,,,,,,,,,
TEST1,2010-2014,45-49,period_prevalence,M1,1085,998881,,,,,,,,,,,,,,,,,,,,,,,,
TEST1,2010-2014,45-49,period_prevalence,M2,1112,998881,,,,,,,,,,,,,,,,,,,,,,,,
TEST1,2010-2014,45-49,period_prevalence,M3,1098,998881,,,,,,,,,,,,,,,,,,,,,,,,
TEST1,2010-2014,45-49,period_prevalence,M4,1124,998881,,,,,,,,,,,,,,,,,,,,,,,,
TEST1,2010-2014,45-49,period_prevalence,M5,1093,998881,,,,,,,,,,,,,,,,,,,,,,,,
TEST1,2010-2014,45-49,persontime_prevalence,M1,396517,364596552,,,,,,,,,,,,,,,,,,,,,,,,
TEST1,2010-2014,45-49,persontime_prevalence,M2,403817,364596552,,,,,,,,,,,,,,,,,,,,,,,,
TEST1,2010-2014,45-49,persontime_prevalence,M3,400897,364596552,,,,,,,,,,,,,,,,,,,,,,,,
TEST1,2010-2014,45-49,persontime_prevalence,M4,409292,364596552,,,,,,,,,,,,,,,,,,,,,,,,
TEST1,2010-2014,45-49,persontime_prevalence,M5,399437,364596552,,,,,,,,,,,,,,,,,,,,,,,,
TEST1,2015-2019,15-19,period_prevalence,M1,656,999108,,,,,,,,,,,,,,,,,,,,,,,,
TEST1,2015-2019,15-19,period_prevalence,M2,677,999108,,,,,,,,,,,,,,,,,,,,,,,,
TEST1,2015-2019,15-19,period_prevalence,M3,669,999108,,,,,,,,,,,,,,,,,,,,,,,,
TEST1,2015-2019,15-19,period_prevalence,M4,693,999108,,,,,,,,,,,,,,,,,,,,,,,,
TEST1,2015-2019,15-19,period_prevalence,M5,666,999108,,,,,,,,,,,,,,,,,,,,,,,,
TEST1,2015-2019,15-19,persontime_prevalence,M1,239926,364679416,,,,,,,,,,,,,,,,,,,,,,,,
TEST1,2015-2019,15-19,persontime_prevalence,M2,247956,364679416,,,,,,,,,,,,,,,,,,,,,,,,
TEST1,2015-2019,15-19,persontime_prevalence,M3,245036,364679416,,,,,,,,,,,,,,,,,,,,,,,,
TEST1,2015-2019,15-19,persontime_prevalence,M4,252701,364679416,,,,,,,,,,,,,,,,,,,,,,,,
TEST1,2015-2019,15-19,persontime_prevalence,M5,243211,364679416,,,,,,,,,,,,,,,,,,,,,,,,
TEST1,2015-2019,20-24,period_prevalence,M1,796,1001442,,,,,,,,,,,,,,,,,,,,,,,,
TEST1,2015-2019,20-24,period_prevalence,M2,819,1001442,,,,,,,,,,,,,,,,,,,,,,,,
TEST1,2015-2019,20-24,period_prevalence,M3,804,1001442,,,,,,,,,,,,,,,,,,,,,,,,
TEST1,2015-2019,20-24,period_prevalence,M4,836,1001442,,,,,,,,,,,,,,,,,,,,,,,,
TEST1,2015-2019,20-24,period_prevalence,M5,802,1001442,,,,,,,,,,,,,,,,,,,,,,,,
TEST1,2015-2019,20-24,persontime_prevalence,M1,291040,365531328,,,,,,,,,,,,,,,,,,,,,,,,
TEST1,2015-2019,20-24,persontime_prevalence,M2,299435,365531328,,,,,,,,,,,,,,,,,,,,,,,,
TEST1,2015-2019,20-24,persontime_prevalence,M3,295055,365531328,,,,,,,,,,,,,,,,,,,,,,,,
TEST1,2015-2019,20-24,persontime_prevalence,M4,304180,365531328,,,,,,,,,,,,,,,,,,,,,,,,
TEST1,2015-2019,20-24,persontime_prevalence,M5,295055,365531328,,,,,,,,,,,,,,,,,,,,,,,,
TEST1,2015-2019,25-29,period_prevalence,M1,788,999185,,,,,,,,,,,,,,,,,,,,,,,,
TEST1,2015-2019,25-29,period_prevalence,M2,813,999185,,,,,,,,,,,,,,,,,,,,,,,,
TEST1,2015-2019,25-29,period_prevalence,M3,798,999185,,,,,,,,,,,,,,,,,,,,,,,,
TEST1,2015-2019,25-29,period_prevalence,M4,825,999185,,,,,,,,,,,,,,,,,,,,,,,,
TEST1,2015-2019,25-29,period_prevalence,M5,795,999185,,,,,,,,,,,,,,,,,,,,,,,,
TEST1,2015-2019,25-29,persontime_prevalence,M1,288105,364707520,,,,,,,,,,,,,,,,,,,,,,,,
TEST1,2015-2019,25-29,persontime_prevalence,M2,295040,364707520,,,,,,,,,,,,,,,,,,,,,,,,
TEST1,2015-2019,25-29,persontime_prevalence,M3,292120,364707520,,,,,,,,,,,,,,,,,,,,,,,,
TEST1,2015-2019,25-29,persontime_prevalence,M4,301975,364707520,,,,,,,,,,,,,,,,,,,,,,,,
TEST1,2015-2019,25-29,persontime_prevalence,M5,289930,364707520,,,,,,,,,,,,,,,,,,,,,,,,
TEST1,2015-2019,30-34,period_prevalence,M1,887,998726,,,,,,,,,,,,,,,,,,,,,,,,
TEST1,2015-2019,30-34,period_prevalence,M2,907,998726,,,,,,,,,,,,,,,,,,,,,,,,
TEST1,2015-2019,30-34,period_prevalence,M3,898,998726,,,,,,,,,,,,,,,,,,,,,,,,
TEST1,2015-2019,30-34,period_prevalence,M4,928,998726,,,,,,,,,,,,,,,,,,,,,,,,
TEST1,2015-2019,30-34,period_prevalence,M5,895,998726,,,,,,,,,,,,,,,,,,,,,,,,
TEST1,2015-2019,30-34,persontime_prevalence,M1,324257,364539984,,,,,,,,,,,,,,,,,,,,,,,,
TEST1,2015-2019,30-34,persontime_prevalence,M2,333382,364539984,,,,,,,,,,,,,,,,,,,,,,,,
TEST1,2015-2019,30-34,persontime_prevalence,M3,329367,364539984,,,,,,,,,,,,,,,,,,,,,,,,
TEST1,2015-2019,30-34,persontime_prevalence,M4,338127,364539984,,,,,,,,,,,,,,,,,,,,,,,,
TEST1,2015-2019,30-34,persontime_prevalence,M5,327542,364539984,,,,,,,,,,,,,,,,,,,,,,,,
TEST1,2015-2019,35-39,period_prevalence,M1,1059,1000060,,,,,,,,,,,,,,,,,,,,,,,,
TEST1,2015-2019,35-39,period_prevalence,M2,1082,1000060,,,,,,,,,,,,,,,,,,,,,,,,
TEST1,2015-2019,35-39,period_prevalence,M3,1072,1000060,,,,,,,,,,,,,,,,,,,,,,,,
TEST1,2015-2019,35-39,period_prevalence,M4,1096,1000060,,,,,,,,,,,,,,,,,,,,,,,,
TEST1,2015-2019,35-39,period_prevalence,M5,1068,1000060,,,,,,,,,,,,,,,,,,,,,,,,
TEST1,2015-2019,35-39,persontime_prevalence,M1,387028,365026912,,,,,,,,,,,,,,,,,,,,,,,,
TEST1,2015-2019,35-39,persontime_prevalence,M2,395788,365026912,,,,,,,,,,,,,,,,,,,,,,,,
TEST1,2015-2019,35-39,persontime_prevalence,M3,392138,365026912,,,,,,,,,,,,,,,,,,,,,,,,
TEST1,2015-2019,35-39,persontime_prevalence,M4,401263,365026912,,,,,,,,,,,,,,,,,,,,,,,,
TEST1,2015-2019,35-39,persontime_prevalence,M5,389583,365026912,,,,,,,,,,,,,,,,,,,,,,,,
TEST1,2015-2019,40-44,period_prevalence,M1,1033,1000388,,,,,,,,,,,,,,,,,,,,,,,,
TEST1,2015-2019,40-44,period_prevalence,M2,1053,1000388,,,,,,,,,,,,,,,,,,,,,,,,
TEST1,2015-2019,40-44,period_prevalence,M3,1045,1000388,,,,,,,,,,,,,,,,,,,,,,,,
TEST1,2015-2019,40-44,period_prevalence,M4,1075,1000388,,,,,,,,,,,,,,,,,,,,,,,,
TEST1,2015-2019,40-44,period_prevalence,M5,1039,1000388,,,,,,,,,,,,,,,,,,,,,,,,
TEST1,2015-2019,40-44,persontime_prevalence,M1,377525,365146640,,,,,,,,,,,,,,,,,,,,,,,,
TEST1,2015-2019,40-44,persontime_prevalence,M2,385920,365146640,,,,,,,,,,,,,,,,,,,,,,,,
TEST1,2015-2019,40-44,persontime_prevalence,M3,383730,365146640,,,,,,,,,,,,,,,,,,,,,,,,
TEST1,2015-2019,40-44,persontime_prevalence,M4,391030,365146640,,,,,,,,,,,,,,,,,,,,,,,,
TEST1,2015-2019,40-44,persontime_prevalence,M5,380445,365146640,,,,,,,,,,,,,,,,,,,,,,,,
TEST1,2015-2019,45-49,period_prevalence,M1,1078,998880,,,,,,,,,,,,,,,,,,,,,,,,
TEST1,2015-2019,45-49,period_prevalence,M2,1100,998880,,,,,,,,,,,,,,,,,,,,,,,,
TEST1,2015-2019,45-49,period_prevalence,M3,1088,998880,,,,,,,,,,,,,,,,,,,,,,,,
TEST1,2015-2019,45-49,period_prevalence,M4,1111,998880,,,,,,,,,,,,,,,,,,,,,,,,
TEST1,2015-2019,45-49,period_prevalence,M5,1083,998880,,,,,,,,,,,,,,,,,,,,,,,,
TEST1,2015-2019,45-49,persontime_prevalence,M1,393961,364596208,,,,,,,,,,,,,,,,,,,,,,,,
TEST1,2015-2019,45-49,persontime_prevalence,M2,402356,364596208,,,,,,,,,,,,,,,,,,,,,,,,
TEST1,2015-2019,45-49,persontime_prevalence,M3,398706,364596208,,,,,,,,,,,,,,,,,,,,,,,,
TEST1,2015-2019,45-49,persontime_prevalence,M4,408561,364596208,,,,,,,,,,,,,,,,,,,,,,,,
TEST1,2015-2019,45-49,persontime_prevalence,M5,396151,364596208,,,,,,,,,,,,,,,,,,,,,,,,
TEST1,2005-2019,15-19,period_prevalence,M1,1968,2997350,,,,,,,,,,,,,,,,,,,,,,,,
TEST1,2005-2019,15-19,period_prevalence,M2,2030,2997350,,,,,,,,,,,,,,,,,,,,,,,,
TEST1,2005-2019,15-19,period_prevalence,M3,2005,2997350,,,,,,,,,,,,,,,,,,,,,,,,
TEST1,2005-2019,15-19,period_prevalence,M4,2072,2997350,,,,,,,,,,,,,,,,,,,,,,,,
TEST1,2005-2019,15-19,period_prevalence,M5,1992,2997350,,,,,,,,,,,,,,,,,,,,,,,,
TEST1,2005-2019,15-19,persontime_prevalence,M1,719800,1094047728,,,,,,,,,,,,,,,,,,,,,,,,
TEST1,2005-2019,15-19,persontime_prevalence,M2,744620,1094047728,,,,,,,,,,,,,,,,,,,,,,,,
TEST1,2005-2019,15-19,persontime_prevalence,M3,732940,1094047728,,,,,,,,,,,,,,,,,,,,,,,,
TEST1,2005-2019,15-19,persontime_prevalence,M4,758125,1094047728,,,,,,,,,,,,,,,,,,,,,,,,
TEST1,2005-2019,15-19,persontime_prevalence,M5,729290,1094047728,,,,,,,,,,,,,,,,,,,,,,,,
TEST1,2005-2019,20-24,period_prevalence,M1,2384,3004365,,,,,,,,,,,,,,,,,,,,,,,,
TEST1,2005-2019,20-24,period_prevalence,M2,2452,3004365,,,,,,,,,,,,,,,,,,,,,,,,
TEST1,2005-2019,20-24,period_prevalence,M3,2417,3004365,,,,,,,,,,,,,,,,,,,,,,,,
TEST1,2005-2019,20-24,period_prevalence,M4,2499,3004365,,,,,,,,,,,,,,,,,,,,,,,,
TEST1,2005-2019,20-24,period_prevalence,M5,2401,3004365,,,,,,,,,,,,,,,,,,,,,,,,
TEST1,2005-2019,20-24,persontime_prevalence,M1,871645,1096608248,,,,,,,,,,,,,,,,,,,,,,,,
TEST1,2005-2019,20-24,persontime_prevalence,M2,895735,1096608248,,,,,,,,,,,,,,,,,,,,,,,,
TEST1,2005-2019,20-24,persontime_prevalence,M3,882595,1096608248,,,,,,,,,,,,,,,,,,,,,,,,
TEST1,2005-2019,20-24,persontime_prevalence,M4,911065,1096608248,,,,,,,,,,,,,,,,,,,,,,,,
TEST1,2005-2019,20-24,persontime_prevalence,M5,881865,1096608248,,,,,,,,,,,,,,,,,,,,,,,,
TEST1,2005-2019,25-29,period_prevalence,M1,2365,2997619,,,,,,,,,,,,,,,,,,,,,,,,
TEST1,2005-2019,25-29,period_prevalence,M2,2424,2997619,,,,,,,,,,,,,,,,,,,,,,,,
TEST1,2005-2019,25-29,period_prevalence,M3,2403,2997619,,,,,,,,,,,,,,,,,,,,,,,,
TEST1,2005-2019,25-29,period_prevalence,M4,2478,2997619,,,,,,,,,,,,,,,,,,,,,,,,
TEST1,2005-2019,25-29,period_prevalence,M5,2385,2997619,,,,,,,,,,,,,,,,,,,,,,,,
TEST1,2005-2019,25-29,persontime_prevalence,M1,864705,1094145944,,,,,,,,,,,,,,,,,,,,,,,,
TEST1,2005-2019,25-29,persontime_prevalence,M2,888430,1094145944,,,,,,,,,,,,,,,,,,,,,,,,
TEST1,2005-2019,25-29,persontime_prevalence,M3,877115,1094145944,,,,,,,,,,,,,,,,,,,,,,,,
TEST1,2005-2019,25-29,persontime_prevalence,M4,905950,1094145944,,,,,,,,,,,,,,,,,,,,,,,,
TEST1,2005-2019,25-29,persontime_prevalence,M5,871275,1094145944,,,,,,,,,,,,,,,,,,,,,,,,
TEST1,2005-2019,30-34,period_prevalence,M1,2662,2996141,,,,,,,,,,,,,,,,,,,,,,,,
TEST1,2005-2019,30-34,period_prevalence,M2,2724,2996141,,,,,,,,,,,,,,,,,,,,,,,,
TEST1,2005-2019,30-34,period_prevalence,M3,2702,2996141,,,,,,,,,,,,,,,,,,,,,,,,
TEST1,2005-2019,30-34,period_prevalence,M4,2786,2996141,,,,,,,,,,,,,,,,,,,,,,,,
TEST1,2005-2019,30-34,period_prevalence,M5,2685,2996141,,,,,,,,,,,,,,,,,,,,,,,,
TEST1,2005-2019,30-34,persontime_prevalence,M1,973142,1093606440,,,,,,,,,,,,,,,,,,,,,,,,
TEST1,2005-2019,30-34,persontime_prevalence,M2,998692,1093606440,,,,,,,,,,,,,,,,,,,,,,,,
TEST1,2005-2019,30-34,persontime_prevalence,M3,989567,1093606440,,,,,,,,,,,,,,,,,,,,,,,,
TEST1,2005-2019,30-34,persontime_prevalence,M4,1012197,1093606440,,,,,,,,,,,,,,,,,,,,,,,,
TEST1,2005-2019,30-34,persontime_prevalence,M5,981172,1093606440,,,,,,,,,,,,,,,,,,,,,,,,
TEST1,2005-2019,35-39,period_prevalence,M1,3175,3000147,,,,,,,,,,,,,,,,,,,,,,,,
TEST1,2005-2019,35-39,period_prevalence,M2,3244,3000147,,,,,,,,,,,,,,,,,,,,,,,,
TEST1,2005-2019,35-39,period_prevalence,M3,3207,3000147,,,,,,,,,,,,,,,,,,,,,,,,
TEST1,2005-2019,35-39,period_prevalence,M4,3291,3000147,,,,,,,,,,,,,,,,,,,,,,,,
TEST1,2005-2019,35-39,period_prevalence,M5,3198,3000147,,,,,,,,,,,,,,,,,,,,,,,,
TEST1,2005-2019,35-39,persontime_prevalence,M1,1160353,1095068680,,,,,,,,,,,,,,,,,,,,,,,,
TEST1,2005-2019,35-39,persontime_prevalence,M2,1182983,1095068680,,,,,,,,,,,,,,,,,,,,,,,,
TEST1,2005-2019,35-39,persontime_prevalence,M3,1173493,1095068680,,,,,,,,,,,,,,,,,,,,,,,,
TEST1,2005-2019,35-39,persontime_prevalence,M4,1201598,1095068680,,,,,,,,,,,,,,,,,,,,,,,,
TEST1,2005-2019,35-39,persontime_prevalence,M5,1167653,1095068680,,,,,,,,,,,,,,,,,,,,,,,,
TEST1,2005-2019,40-44,period_prevalence,M1,3091,3001149,,,,,,,,,,,,,,,,,,,,,,,,
TEST1,2005-2019,40-44,period_prevalence,M2,3156,3001149,,,,,,,,,,,,,,,,,,,,,,,,
TEST1,2005-2019,40-44,period_prevalence,M3,3121,3001149,,,,,,,,,,,,,,,,,,,,,,,,
TEST1,2005-2019,40-44,period_prevalence,M4,3210,3001149,,,,,,,,,,,,,,,,,,,,,,,,
TEST1,2005-2019,40-44,period_prevalence,M5,3109,3001149,,,,,,,,,,,,,,,,,,,,,,,,
TEST1,2005-2019,40-44,persontime_prevalence,M1,1129694,1095434408,,,,,,,,,,,,,,,,,,,,,,,,
TEST1,2005-2019,40-44,persontime_prevalence,M2,1153784,1095434408,,,,,,,,,,,,,,,,,,,,,,,,
TEST1,2005-2019,40-44,persontime_prevalence,M3,1145024,1095434408,,,,,,,,,,,,,,,,,,,,,,,,
TEST1,2005-2019,40-44,persontime_prevalence,M4,1168384,1095434408,,,,,,,,,,,,,,,,,,,,,,,,
TEST1,2005-2019,40-44,persontime_prevalence,M5,1138819,1095434408,,,,,,,,,,,,,,,,,,,,,,,,
TEST1,2005-2019,45-49,period_prevalence,M1,3247,2996643,,,,,,,,,,,,,,,,,,,,,,,,
TEST1,2005-2019,45-49,period_prevalence,M2,3318,2996643,,,,,,,,,,,,,,,,,,,,,,,,
TEST1,2005-2019,45-49,period_prevalence,M3,3285,2996643,,,,,,,,,,,,,,,,,,,,,,,,
TEST1,2005-2019,45-49,period_prevalence,M4,3357,2996643,,,,,,,,,,,,,,,,,,,,,,,,
TEST1,2005-2019,45-49,period_prevalence,M5,3267,2996643,,,,,,,,,,,,,,,,,,,,,,,,
TEST1,2005-2019,45-49,persontime_prevalence,M1,1186639,1093789672,,,,,,,,,,,,,,,,,,,,,,,,
TEST1,2005-2019,45-49,persontime_prevalence,M2,1209999,1093789672,,,,,,,,,,,,,,,,,,,,,,,,
TEST1,2005-2019,45-49,persontime_prevalence,M3,1199779,1093789672,,,,,,,,,,,,,,,,,,,,,,,,
TEST1,2005-2019,45-49,persontime_prevalence,M4,1227519,1093789672,,,,,,,,,,,,,,,,,,,,,,,,
TEST1,2005-2019,45-49,persontime_prevalence,M5,1193574,1093789672,,,,,,,,,,,,,,,,,,,,,,,,
